{
  "company_info": {
    "name": "ジムニーランド",
    "address": "〒123-4567 東京都渋谷区○○1-2-3",
    "tel": "03-1234-5678",
    "fax": "03-1234-5679",
    "email": "info@jimnyland.co.jp",
    "website": "https://jimnyland.co.jp",
    "bank_info": "三菱UFJ銀行 渋谷支店 普通 1234567 ジムニーランド"
  },
  "invoices": [],
  "receipts": [],
  "customers": [
    {
      "name": "株式会社サンプル商事",
      "address": "〒100-0001 東京都千代田区千代田1-1-1",
      "tel": "03-0000-0000"
    },
    {
      "name": "田中自動車整備",
      "address": "〒150-0001 東京都渋谷区神宮前1-2-3",
      "tel": "03-1111-2222"
    },
    {
      "name": "山田モータース",
      "address": "〒160-0001 東京都新宿区片町1-2-3",
      "tel": "03-3333-4444"
    }
  ],
  "services": [
    {
      "name": "ジムニー整備・点検サービス",
      "price": 15000
    },
    {
      "name": "オイル交換",
      "price": 8000
    },
    {
      "name": "タイヤ交換",
      "price": 12000
    },
    {
      "name": "ブレーキパッド交換",
      "price": 25000
    },
    {
      "name": "バッテリー交換",
      "price": 18000
    },
    {
      "name": "エアコンガス補充",
      "price": 5000
    },
    {
      "name": "車検代行",
      "price": 35000
    },
    {
      "name": "保険代理店手数料",
      "price": 10000
    },
    {
      "name": "カスタムパーツ取り付け",
      "price": 30000
    },
    {
      "name": "アフターパーツ販売",
      "price": 20000
    }
  ]
}



